,gaze_left_eye,gaze_right_eye,gaze_left_eye_x,gaze_left_eye_y,gaze_right_eye_x,gaze_right_eye_y
0,"(0.49520909786224365, 0.40969017148017883)","(0.5009500980377197, 0.38925662636756897)",0.49520909786224365,0.40969017148017883,0.5009500980377197,0.38925662636756897
1,"(0.4951726794242859, 0.40496623516082764)","(0.5019373297691345, 0.38773494958877563)",0.4951726794242859,0.40496623516082764,0.5019373297691345,0.38773494958877563
2,"(0.4936116337776184, 0.4029656648635864)","(0.5007795095443726, 0.3862834870815277)",0.4936116337776184,0.4029656648635864,0.5007795095443726,0.3862834870815277
3,"(0.49367478489875793, 0.4062589704990387)","(0.49914178252220154, 0.38757380843162537)",0.49367478489875793,0.4062589704990387,0.49914178252220154,0.38757380843162537
4,"(0.49166586995124817, 0.4048207700252533)","(0.4985026717185974, 0.3875131607055664)",0.49166586995124817,0.4048207700252533,0.4985026717185974,0.3875131607055664
5,"(0.49084344506263733, 0.4068734049797058)","(0.4987611472606659, 0.38621625304222107)",0.49084344506263733,0.4068734049797058,0.4987611472606659,0.38621625304222107
6,"(0.49120739102363586, 0.40747788548469543)","(0.4986055791378021, 0.38536277413368225)",0.49120739102363586,0.40747788548469543,0.4986055791378021,0.38536277413368225
7,"(0.49155694246292114, 0.40721532702445984)","(0.4985046684741974, 0.38660526275634766)",0.49155694246292114,0.40721532702445984,0.4985046684741974,0.38660526275634766
8,"(0.49289822578430176, 0.41277146339416504)","(0.4988301396369934, 0.3874623477458954)",0.49289822578430176,0.41277146339416504,0.4988301396369934,0.3874623477458954
9,"(0.49207013845443726, 0.4118887782096863)","(0.4989795684814453, 0.3875074088573456)",0.49207013845443726,0.4118887782096863,0.4989795684814453,0.3875074088573456
10,"(0.4933830201625824, 0.41222479939460754)","(0.49896755814552307, 0.38509923219680786)",0.4933830201625824,0.41222479939460754,0.49896755814552307,0.38509923219680786
11,"(0.49311771988868713, 0.409108430147171)","(0.49926120042800903, 0.3837629556655884)",0.49311771988868713,0.409108430147171,0.49926120042800903,0.3837629556655884
12,"(0.49370086193084717, 0.4033176302909851)","(0.4988992214202881, 0.3822074830532074)",0.49370086193084717,0.4033176302909851,0.4988992214202881,0.3822074830532074
13,"(0.4922592043876648, 0.40645354986190796)","(0.49742719531059265, 0.3830944895744324)",0.4922592043876648,0.40645354986190796,0.49742719531059265,0.3830944895744324
14,"(0.4945533275604248, 0.40961721539497375)","(0.4971926510334015, 0.3867700695991516)",0.4945533275604248,0.40961721539497375,0.4971926510334015,0.3867700695991516
15,"(0.4941656291484833, 0.41515326499938965)","(0.4973260760307312, 0.38704463839530945)",0.4941656291484833,0.41515326499938965,0.4973260760307312,0.38704463839530945
16,"(0.49298861622810364, 0.4146166443824768)","(0.4968997836112976, 0.3865426778793335)",0.49298861622810364,0.4146166443824768,0.4968997836112976,0.3865426778793335
17,"(0.49056005477905273, 0.40944480895996094)","(0.4972976744174957, 0.3854265809059143)",0.49056005477905273,0.40944480895996094,0.4972976744174957,0.3854265809059143
18,"(0.4913983643054962, 0.40744319558143616)","(0.4957420825958252, 0.386883407831192)",0.4913983643054962,0.40744319558143616,0.4957420825958252,0.386883407831192
19,"(0.49205413460731506, 0.40891972184181213)","(0.4969773292541504, 0.3811197876930237)",0.49205413460731506,0.40891972184181213,0.4969773292541504,0.3811197876930237
20,"(0.49343201518058777, 0.41238275170326233)","(0.49636518955230713, 0.382053405046463)",0.49343201518058777,0.41238275170326233,0.49636518955230713,0.382053405046463
21,"(0.4927576184272766, 0.41392964124679565)","(0.49853214621543884, 0.3814239501953125)",0.4927576184272766,0.41392964124679565,0.49853214621543884,0.3814239501953125
22,"(0.4937026798725128, 0.40998169779777527)","(0.49967160820961, 0.3853287994861603)",0.4937026798725128,0.40998169779777527,0.49967160820961,0.3853287994861603
23,"(0.4753418266773224, 0.40696436166763306)","(0.48531103134155273, 0.3829813301563263)",0.4753418266773224,0.40696436166763306,0.48531103134155273,0.3829813301563263
24,"(0.44137418270111084, 0.40758398175239563)","(0.4515262246131897, 0.38215118646621704)",0.44137418270111084,0.40758398175239563,0.4515262246131897,0.38215118646621704
25,"(0.3513648808002472, 0.42372366786003113)","(0.36713188886642456, 0.3832036852836609)",0.3513648808002472,0.42372366786003113,0.36713188886642456,0.3832036852836609
26,"(0.3311564326286316, 0.4354971647262573)","(0.3364470899105072, 0.38018059730529785)",0.3311564326286316,0.4354971647262573,0.3364470899105072,0.38018059730529785
27,"(0.30530497431755066, 0.4297915995121002)","(0.3253820836544037, 0.3760404586791992)",0.30530497431755066,0.4297915995121002,0.3253820836544037,0.3760404586791992
28,"(0.2930089235305786, 0.42012977600097656)","(0.31372368335723877, 0.37547042965888977)",0.2930089235305786,0.42012977600097656,0.31372368335723877,0.37547042965888977
29,"(0.29055988788604736, 0.4119061231613159)","(0.31262922286987305, 0.37415117025375366)",0.29055988788604736,0.4119061231613159,0.31262922286987305,0.37415117025375366
30,"(0.2895393967628479, 0.40932220220565796)","(0.31033241748809814, 0.3751007616519928)",0.2895393967628479,0.40932220220565796,0.31033241748809814,0.3751007616519928
31,"(0.29060646891593933, 0.40509533882141113)","(0.3120594620704651, 0.3754682242870331)",0.29060646891593933,0.40509533882141113,0.3120594620704651,0.3754682242870331
32,"(0.29240357875823975, 0.4048061966896057)","(0.3096841275691986, 0.3764508366584778)",0.29240357875823975,0.4048061966896057,0.3096841275691986,0.3764508366584778
33,"(0.29260122776031494, 0.40578165650367737)","(0.3094826638698578, 0.37418755888938904)",0.29260122776031494,0.40578165650367737,0.3094826638698578,0.37418755888938904
34,"(0.28967922925949097, 0.40155228972435)","(0.308447927236557, 0.37230899930000305)",0.28967922925949097,0.40155228972435,0.308447927236557,0.37230899930000305
35,"(0.2890802025794983, 0.3949129581451416)","(0.30847272276878357, 0.3725127875804901)",0.2890802025794983,0.3949129581451416,0.30847272276878357,0.3725127875804901
36,"(0.2880666255950928, 0.384594589471817)","(0.3084067404270172, 0.37257176637649536)",0.2880666255950928,0.384594589471817,0.3084067404270172,0.37257176637649536
37,"(0.2896796464920044, 0.3812037408351898)","(0.3085784316062927, 0.3744727373123169)",0.2896796464920044,0.3812037408351898,0.3085784316062927,0.3744727373123169
38,"(0.2894613742828369, 0.38140153884887695)","(0.30891016125679016, 0.3739049434661865)",0.2894613742828369,0.38140153884887695,0.30891016125679016,0.3739049434661865
39,"(0.2899995446205139, 0.39570412039756775)","(0.30728811025619507, 0.3740813136100769)",0.2899995446205139,0.39570412039756775,0.30728811025619507,0.3740813136100769
40,"(0.2911546230316162, 0.39575517177581787)","(0.30804556608200073, 0.37636762857437134)",0.2911546230316162,0.39575517177581787,0.30804556608200073,0.37636762857437134
41,"(0.2917824983596802, 0.39297792315483093)","(0.30992239713668823, 0.3796446919441223)",0.2917824983596802,0.39297792315483093,0.30992239713668823,0.3796446919441223
42,"(0.2860826253890991, 0.3784288763999939)","(0.3077942430973053, 0.3748684227466583)",0.2860826253890991,0.3784288763999939,0.3077942430973053,0.3748684227466583
43,"(0.253277450799942, 0.36176079511642456)","(0.28042271733283997, 0.3591228425502777)",0.253277450799942,0.36176079511642456,0.28042271733283997,0.3591228425502777
44,"(0.24164099991321564, 0.3662683367729187)","(0.2675988972187042, 0.3492143750190735)",0.24164099991321564,0.3662683367729187,0.2675988972187042,0.3492143750190735
45,"(0.2064351886510849, 0.371250182390213)","(0.22899283468723297, 0.3318227231502533)",0.2064351886510849,0.371250182390213,0.22899283468723297,0.3318227231502533
46,"(0.17117367684841156, 0.33639979362487793)","(0.19814226031303406, 0.3008838891983032)",0.17117367684841156,0.33639979362487793,0.19814226031303406,0.3008838891983032
47,"(0.16928023099899292, 0.3315546214580536)","(0.19558708369731903, 0.3002774715423584)",0.16928023099899292,0.3315546214580536,0.19558708369731903,0.3002774715423584
48,"(0.1718081682920456, 0.32928794622421265)","(0.19549818336963654, 0.2979668378829956)",0.1718081682920456,0.32928794622421265,0.19549818336963654,0.2979668378829956
49,"(0.17228852212429047, 0.32564815878868103)","(0.19336536526679993, 0.29604852199554443)",0.17228852212429047,0.32564815878868103,0.19336536526679993,0.29604852199554443
50,"(0.17321576178073883, 0.32840368151664734)","(0.19361728429794312, 0.2952463626861572)",0.17321576178073883,0.32840368151664734,0.19361728429794312,0.2952463626861572
51,"(0.17465060949325562, 0.3196060359477997)","(0.1940765678882599, 0.29269757866859436)",0.17465060949325562,0.3196060359477997,0.1940765678882599,0.29269757866859436
52,"(0.17559154331684113, 0.3173704445362091)","(0.19447581470012665, 0.29017555713653564)",0.17559154331684113,0.3173704445362091,0.19447581470012665,0.29017555713653564
53,"(0.1760495901107788, 0.31656914949417114)","(0.19459189474582672, 0.2907286286354065)",0.1760495901107788,0.31656914949417114,0.19459189474582672,0.2907286286354065
54,"(0.17490939795970917, 0.3205496668815613)","(0.1936243772506714, 0.29435431957244873)",0.17490939795970917,0.3205496668815613,0.1936243772506714,0.29435431957244873
55,"(0.17245249450206757, 0.32295554876327515)","(0.19159312546253204, 0.29601195454597473)",0.17245249450206757,0.32295554876327515,0.19159312546253204,0.29601195454597473
56,"(0.17187228798866272, 0.3228130340576172)","(0.1916067898273468, 0.29398417472839355)",0.17187228798866272,0.3228130340576172,0.1916067898273468,0.29398417472839355
57,"(0.17439988255500793, 0.3239307105541229)","(0.19182106852531433, 0.29119861125946045)",0.17439988255500793,0.3239307105541229,0.19182106852531433,0.29119861125946045
58,"(0.17441897094249725, 0.32938867807388306)","(0.1931062489748001, 0.2933677136898041)",0.17441897094249725,0.32938867807388306,0.1931062489748001,0.2933677136898041
59,"(0.17528925836086273, 0.3257588744163513)","(0.19199657440185547, 0.2993561327457428)",0.17528925836086273,0.3257588744163513,0.19199657440185547,0.2993561327457428
60,"(0.1717825084924698, 0.3254450857639313)","(0.19182465970516205, 0.30049625039100647)",0.1717825084924698,0.3254450857639313,0.19182465970516205,0.30049625039100647
61,"(0.1743020862340927, 0.3239431381225586)","(0.19360724091529846, 0.30127137899398804)",0.1743020862340927,0.3239431381225586,0.19360724091529846,0.30127137899398804
62,"(0.17535164952278137, 0.3229375183582306)","(0.1952514946460724, 0.2973559498786926)",0.17535164952278137,0.3229375183582306,0.1952514946460724,0.2973559498786926
63,"(0.17670676112174988, 0.32002776861190796)","(0.19598141312599182, 0.29506179690361023)",0.17670676112174988,0.32002776861190796,0.19598141312599182,0.29506179690361023
64,"(0.17821238934993744, 0.3171657919883728)","(0.19423677027225494, 0.2948135435581207)",0.17821238934993744,0.3171657919883728,0.19423677027225494,0.2948135435581207
65,"(0.17704717814922333, 0.32040858268737793)","(0.1928597092628479, 0.29421907663345337)",0.17704717814922333,0.32040858268737793,0.1928597092628479,0.29421907663345337
66,"(0.17938978970050812, 0.3235056400299072)","(0.19177091121673584, 0.29739299416542053)",0.17938978970050812,0.3235056400299072,0.19177091121673584,0.29739299416542053
67,"(0.17794130742549896, 0.3249838650226593)","(0.19062219560146332, 0.29545819759368896)",0.17794130742549896,0.3249838650226593,0.19062219560146332,0.29545819759368896
68,"(0.17798443138599396, 0.32358604669570923)","(0.19218777120113373, 0.2931478023529053)",0.17798443138599396,0.32358604669570923,0.19218777120113373,0.2931478023529053
69,"(0.17750661075115204, 0.3240754306316376)","(0.19185364246368408, 0.29369813203811646)",0.17750661075115204,0.3240754306316376,0.19185364246368408,0.29369813203811646
70,"(0.1710003763437271, 0.32363593578338623)","(0.19100849330425262, 0.292293906211853)",0.1710003763437271,0.32363593578338623,0.19100849330425262,0.292293906211853
71,"(0.169427290558815, 0.32430481910705566)","(0.18756937980651855, 0.29578280448913574)",0.169427290558815,0.32430481910705566,0.18756937980651855,0.29578280448913574
72,"(0.16589690744876862, 0.32529112696647644)","(0.1852443665266037, 0.29495662450790405)",0.16589690744876862,0.32529112696647644,0.1852443665266037,0.29495662450790405
73,"(0.1659666895866394, 0.32329487800598145)","(0.18553154170513153, 0.2955009341239929)",0.1659666895866394,0.32329487800598145,0.18553154170513153,0.2955009341239929
74,"(0.16550567746162415, 0.32291463017463684)","(0.18626244366168976, 0.29493504762649536)",0.16550567746162415,0.32291463017463684,0.18626244366168976,0.29493504762649536
75,"(0.16544868052005768, 0.32136574387550354)","(0.18583203852176666, 0.2958030104637146)",0.16544868052005768,0.32136574387550354,0.18583203852176666,0.2958030104637146
76,"(0.16560669243335724, 0.32044869661331177)","(0.18613089621067047, 0.2971479594707489)",0.16560669243335724,0.32044869661331177,0.18613089621067047,0.2971479594707489
77,"(0.16569320857524872, 0.3206555247306824)","(0.18726348876953125, 0.2991567552089691)",0.16569320857524872,0.3206555247306824,0.18726348876953125,0.2991567552089691
78,"(0.16515208780765533, 0.32315972447395325)","(0.18682320415973663, 0.29646795988082886)",0.16515208780765533,0.32315972447395325,0.18682320415973663,0.29646795988082886
79,"(0.16531111299991608, 0.3233996331691742)","(0.18578983843326569, 0.2971970736980438)",0.16531111299991608,0.3233996331691742,0.18578983843326569,0.2971970736980438
80,"(0.16712287068367004, 0.32274869084358215)","(0.18542484939098358, 0.29413142800331116)",0.16712287068367004,0.32274869084358215,0.18542484939098358,0.29413142800331116
81,"(0.16758640110492706, 0.32028108835220337)","(0.18617548048496246, 0.2932847738265991)",0.16758640110492706,0.32028108835220337,0.18617548048496246,0.2932847738265991
82,"(0.1685938835144043, 0.31992390751838684)","(0.18524880707263947, 0.2944280207157135)",0.1685938835144043,0.31992390751838684,0.18524880707263947,0.2944280207157135
83,"(0.17771174013614655, 0.317446768283844)","(0.1851540356874466, 0.2946511209011078)",0.17771174013614655,0.317446768283844,0.1851540356874466,0.2946511209011078
84,"(0.2075810581445694, 0.30953270196914673)","(0.22711840271949768, 0.29087087512016296)",0.2075810581445694,0.30953270196914673,0.22711840271949768,0.29087087512016296
85,"(0.26944518089294434, 0.30502355098724365)","(0.30900371074676514, 0.2802901864051819)",0.26944518089294434,0.30502355098724365,0.30900371074676514,0.2802901864051819
86,"(0.28770744800567627, 0.30205509066581726)","(0.30865877866744995, 0.2844833433628082)",0.28770744800567627,0.30205509066581726,0.30865877866744995,0.2844833433628082
87,"(0.29349198937416077, 0.3069549798965454)","(0.31319865584373474, 0.28368690609931946)",0.29349198937416077,0.3069549798965454,0.31319865584373474,0.28368690609931946
88,"(0.29651138186454773, 0.30841943621635437)","(0.312940776348114, 0.2855128347873688)",0.29651138186454773,0.30841943621635437,0.312940776348114,0.2855128347873688
89,"(0.2978840470314026, 0.31637004017829895)","(0.31356412172317505, 0.28404390811920166)",0.2978840470314026,0.31637004017829895,0.31356412172317505,0.28404390811920166
90,"(0.2979314625263214, 0.31042128801345825)","(0.31339457631111145, 0.28343290090560913)",0.2979314625263214,0.31042128801345825,0.31339457631111145,0.28343290090560913
91,"(0.2993529736995697, 0.3139033615589142)","(0.3118092119693756, 0.28513985872268677)",0.2993529736995697,0.3139033615589142,0.3118092119693756,0.28513985872268677
92,"(0.2985726296901703, 0.3123951852321625)","(0.3107190430164337, 0.2808268368244171)",0.2985726296901703,0.3123951852321625,0.3107190430164337,0.2808268368244171
93,"(0.2955799400806427, 0.3151029348373413)","(0.3114584684371948, 0.28204795718193054)",0.2955799400806427,0.3151029348373413,0.3114584684371948,0.28204795718193054
94,"(0.2956666052341461, 0.3165639638900757)","(0.31256332993507385, 0.280881404876709)",0.2956666052341461,0.3165639638900757,0.31256332993507385,0.280881404876709
95,"(0.294345498085022, 0.3158343434333801)","(0.31353825330734253, 0.286406546831131)",0.294345498085022,0.3158343434333801,0.31353825330734253,0.286406546831131
96,"(0.2977038621902466, 0.31406867504119873)","(0.31334707140922546, 0.2849375009536743)",0.2977038621902466,0.31406867504119873,0.31334707140922546,0.2849375009536743
97,"(0.2955109477043152, 0.313530832529068)","(0.31174957752227783, 0.2860482931137085)",0.2955109477043152,0.313530832529068,0.31174957752227783,0.2860482931137085
98,"(0.2955756187438965, 0.3154205083847046)","(0.3117242753505707, 0.28217774629592896)",0.2955756187438965,0.3154205083847046,0.3117242753505707,0.28217774629592896
99,"(0.29401323199272156, 0.31561279296875)","(0.3121351897716522, 0.28504258394241333)",0.29401323199272156,0.31561279296875,0.3121351897716522,0.28504258394241333
100,"(0.2934872806072235, 0.31431844830513)","(0.3133566081523895, 0.2843133807182312)",0.2934872806072235,0.31431844830513,0.3133566081523895,0.2843133807182312
101,"(0.2939302325248718, 0.31309011578559875)","(0.31201475858688354, 0.28786927461624146)",0.2939302325248718,0.31309011578559875,0.31201475858688354,0.28786927461624146
102,"(0.29427528381347656, 0.3145584762096405)","(0.31126150488853455, 0.2864554524421692)",0.29427528381347656,0.3145584762096405,0.31126150488853455,0.2864554524421692
103,"(0.29464974999427795, 0.3157206177711487)","(0.3104802072048187, 0.28738051652908325)",0.29464974999427795,0.3157206177711487,0.3104802072048187,0.28738051652908325
104,"(0.2944962978363037, 0.31693750619888306)","(0.3108554184436798, 0.28482773900032043)",0.2944962978363037,0.31693750619888306,0.3108554184436798,0.28482773900032043
105,"(0.29410967230796814, 0.3156132996082306)","(0.3105870187282562, 0.28522321581840515)",0.29410967230796814,0.3156132996082306,0.3105870187282562,0.28522321581840515
106,"(0.29382818937301636, 0.31708863377571106)","(0.310018390417099, 0.28595107793807983)",0.29382818937301636,0.31708863377571106,0.310018390417099,0.28595107793807983
107,"(0.29374298453330994, 0.31516146659851074)","(0.31136709451675415, 0.2856971323490143)",0.29374298453330994,0.31516146659851074,0.31136709451675415,0.2856971323490143
108,"(0.2933413088321686, 0.31664910912513733)","(0.31109902262687683, 0.28610923886299133)",0.2933413088321686,0.31664910912513733,0.31109902262687683,0.28610923886299133
109,"(0.2952537536621094, 0.315939724445343)","(0.31113892793655396, 0.2862566411495209)",0.2952537536621094,0.315939724445343,0.31113892793655396,0.2862566411495209
110,"(0.2950086295604706, 0.3161027729511261)","(0.31009140610694885, 0.28718674182891846)",0.2950086295604706,0.3161027729511261,0.31009140610694885,0.28718674182891846
111,"(0.29514381289482117, 0.3191351890563965)","(0.3099513649940491, 0.2887895405292511)",0.29514381289482117,0.3191351890563965,0.3099513649940491,0.2887895405292511
112,"(0.2941797375679016, 0.32005438208580017)","(0.31045255064964294, 0.28909116983413696)",0.2941797375679016,0.32005438208580017,0.31045255064964294,0.28909116983413696
113,"(0.29565414786338806, 0.31807875633239746)","(0.30940547585487366, 0.29159119725227356)",0.29565414786338806,0.31807875633239746,0.30940547585487366,0.29159119725227356
114,"(0.29513096809387207, 0.31893816590309143)","(0.31027835607528687, 0.2919151484966278)",0.29513096809387207,0.31893816590309143,0.31027835607528687,0.2919151484966278
115,"(0.29415255784988403, 0.3187684118747711)","(0.3114241063594818, 0.2935187518596649)",0.29415255784988403,0.3187684118747711,0.3114241063594818,0.2935187518596649
116,"(0.2931627333164215, 0.32284605503082275)","(0.31305548548698425, 0.29398858547210693)",0.2931627333164215,0.32284605503082275,0.31305548548698425,0.29398858547210693
117,"(0.2933904230594635, 0.3219335973262787)","(0.31193026900291443, 0.2933847904205322)",0.2933904230594635,0.3219335973262787,0.31193026900291443,0.2933847904205322
118,"(0.29616713523864746, 0.3263176381587982)","(0.31079214811325073, 0.29272374510765076)",0.29616713523864746,0.3263176381587982,0.31079214811325073,0.29272374510765076
119,"(0.29574698209762573, 0.3260292112827301)","(0.3099648654460907, 0.2919113039970398)",0.29574698209762573,0.3260292112827301,0.3099648654460907,0.2919113039970398
120,"(0.29483866691589355, 0.3278856873512268)","(0.3107396066188812, 0.29022571444511414)",0.29483866691589355,0.3278856873512268,0.3107396066188812,0.29022571444511414
121,"(0.2935120761394501, 0.3266044855117798)","(0.31044721603393555, 0.29220232367515564)",0.2935120761394501,0.3266044855117798,0.31044721603393555,0.29220232367515564
122,"(0.2934510409832001, 0.3292801082134247)","(0.31061410903930664, 0.29107865691185)",0.2934510409832001,0.3292801082134247,0.31061410903930664,0.29107865691185
123,"(0.2954982817173004, 0.3291759192943573)","(0.31085094809532166, 0.295892596244812)",0.2954982817173004,0.3291759192943573,0.31085094809532166,0.295892596244812
124,"(0.2937013804912567, 0.353084534406662)","(0.31096282601356506, 0.324912965297699)",0.2937013804912567,0.353084534406662,0.31096282601356506,0.324912965297699
125,"(0.2975676655769348, 0.387633353471756)","(0.311029314994812, 0.3669939637184143)",0.2975676655769348,0.387633353471756,0.311029314994812,0.3669939637184143
126,"(0.2954610288143158, 0.44088754057884216)","(0.3079710602760315, 0.4151163697242737)",0.2954610288143158,0.44088754057884216,0.3079710602760315,0.4151163697242737
127,"(0.29765239357948303, 0.5124661922454834)","(0.3049224019050598, 0.47623351216316223)",0.29765239357948303,0.5124661922454834,0.3049224019050598,0.47623351216316223
128,"(0.2945981025695801, 0.5219883918762207)","(0.304523229598999, 0.48713967204093933)",0.2945981025695801,0.5219883918762207,0.304523229598999,0.48713967204093933
129,"(0.29438814520835876, 0.5269169211387634)","(0.3065800070762634, 0.48643720149993896)",0.29438814520835876,0.5269169211387634,0.3065800070762634,0.48643720149993896
130,"(0.293893963098526, 0.5262645483016968)","(0.3086564540863037, 0.49115055799484253)",0.293893963098526,0.5262645483016968,0.3086564540863037,0.49115055799484253
131,"(0.29448750615119934, 0.5245927572250366)","(0.3091502785682678, 0.4915808439254761)",0.29448750615119934,0.5245927572250366,0.3091502785682678,0.4915808439254761
132,"(0.29453596472740173, 0.5249420404434204)","(0.3100922703742981, 0.4911732077598572)",0.29453596472740173,0.5249420404434204,0.3100922703742981,0.4911732077598572
133,"(0.29471004009246826, 0.5257554650306702)","(0.30854642391204834, 0.4909227192401886)",0.29471004009246826,0.5257554650306702,0.30854642391204834,0.4909227192401886
134,"(0.2952689230442047, 0.5256908535957336)","(0.30866608023643494, 0.4916455149650574)",0.2952689230442047,0.5256908535957336,0.30866608023643494,0.4916455149650574
135,"(0.2963026165962219, 0.5278978943824768)","(0.3071939945220947, 0.4935201406478882)",0.2963026165962219,0.5278978943824768,0.3071939945220947,0.4935201406478882
136,"(0.2968691885471344, 0.527786910533905)","(0.3076115846633911, 0.4929565191268921)",0.2968691885471344,0.527786910533905,0.3076115846633911,0.4929565191268921
137,"(0.2961246371269226, 0.5291505455970764)","(0.3073247969150543, 0.4946722984313965)",0.2961246371269226,0.5291505455970764,0.3073247969150543,0.4946722984313965
138,"(0.29611971974372864, 0.5297242403030396)","(0.30849069356918335, 0.4943765103816986)",0.29611971974372864,0.5297242403030396,0.30849069356918335,0.4943765103816986
139,"(0.2949787974357605, 0.5295265913009644)","(0.30891644954681396, 0.49287933111190796)",0.2949787974357605,0.5295265913009644,0.30891644954681396,0.49287933111190796
140,"(0.29614078998565674, 0.5308921337127686)","(0.30832529067993164, 0.4925578832626343)",0.29614078998565674,0.5308921337127686,0.30832529067993164,0.4925578832626343
141,"(0.29583659768104553, 0.5263543725013733)","(0.30590641498565674, 0.4924224019050598)",0.29583659768104553,0.5263543725013733,0.30590641498565674,0.4924224019050598
142,"(0.2974967956542969, 0.5283201932907104)","(0.30514785647392273, 0.49274957180023193)",0.2974967956542969,0.5283201932907104,0.30514785647392273,0.49274957180023193
143,"(0.29631492495536804, 0.5271422863006592)","(0.30602598190307617, 0.4935983121395111)",0.29631492495536804,0.5271422863006592,0.30602598190307617,0.4935983121395111
144,"(0.2964216470718384, 0.5295374393463135)","(0.3066907525062561, 0.49494507908821106)",0.2964216470718384,0.5295374393463135,0.3066907525062561,0.49494507908821106
145,"(0.29435059428215027, 0.5282769203186035)","(0.30628669261932373, 0.4957851767539978)",0.29435059428215027,0.5282769203186035,0.30628669261932373,0.4957851767539978
146,"(0.2958167791366577, 0.5270146727561951)","(0.30507463216781616, 0.49694880843162537)",0.2958167791366577,0.5270146727561951,0.30507463216781616,0.49694880843162537
147,"(0.29522502422332764, 0.5223831534385681)","(0.30589592456817627, 0.4954748749732971)",0.29522502422332764,0.5223831534385681,0.30589592456817627,0.4954748749732971
148,"(0.29664573073387146, 0.5231324434280396)","(0.30662399530410767, 0.4956015646457672)",0.29664573073387146,0.5231324434280396,0.30662399530410767,0.4956015646457672
149,"(0.2950863540172577, 0.521952748298645)","(0.30783647298812866, 0.4936734437942505)",0.2950863540172577,0.521952748298645,0.30783647298812866,0.4936734437942505
150,"(0.29587888717651367, 0.5299021601676941)","(0.30725574493408203, 0.49962055683135986)",0.29587888717651367,0.5299021601676941,0.30725574493408203,0.49962055683135986
151,"(0.2941276729106903, 0.5303894877433777)","(0.3066489100456238, 0.49879854917526245)",0.2941276729106903,0.5303894877433777,0.3066489100456238,0.49879854917526245
152,"(0.294826865196228, 0.53453528881073)","(0.306914746761322, 0.4990023672580719)",0.294826865196228,0.53453528881073,0.306914746761322,0.4990023672580719
153,"(0.29393061995506287, 0.5271098613739014)","(0.30753278732299805, 0.49455490708351135)",0.29393061995506287,0.5271098613739014,0.30753278732299805,0.49455490708351135
154,"(0.2873261570930481, 0.5244329571723938)","(0.30039921402931213, 0.4866945743560791)",0.2873261570930481,0.5244329571723938,0.30039921402931213,0.4866945743560791
155,"(0.27722713351249695, 0.5174540281295776)","(0.29115787148475647, 0.48032382130622864)",0.27722713351249695,0.5174540281295776,0.29115787148475647,0.48032382130622864
156,"(0.2623777985572815, 0.5042445063591003)","(0.27842286229133606, 0.4716728627681732)",0.2623777985572815,0.5042445063591003,0.27842286229133606,0.4716728627681732
157,"(0.24572212994098663, 0.4947238266468048)","(0.264155775308609, 0.4686492383480072)",0.24572212994098663,0.4947238266468048,0.264155775308609,0.4686492383480072
158,"(0.24240778386592865, 0.48644599318504333)","(0.2604270279407501, 0.4637896716594696)",0.24240778386592865,0.48644599318504333,0.2604270279407501,0.4637896716594696
159,"(0.24486106634140015, 0.480613648891449)","(0.2592783570289612, 0.4651317298412323)",0.24486106634140015,0.480613648891449,0.2592783570289612,0.4651317298412323
160,"(0.24328921735286713, 0.48098790645599365)","(0.25728219747543335, 0.46051788330078125)",0.24328921735286713,0.48098790645599365,0.25728219747543335,0.46051788330078125
161,"(0.2440251111984253, 0.4783678650856018)","(0.2561695873737335, 0.4621570110321045)",0.2440251111984253,0.4783678650856018,0.2561695873737335,0.4621570110321045
162,"(0.24257294833660126, 0.47813087701797485)","(0.25610896944999695, 0.4640713632106781)",0.24257294833660126,0.47813087701797485,0.25610896944999695,0.4640713632106781
163,"(0.2430523782968521, 0.4794091582298279)","(0.25728240609169006, 0.46495091915130615)",0.2430523782968521,0.4794091582298279,0.25728240609169006,0.46495091915130615
164,"(0.2422984540462494, 0.49170947074890137)","(0.25592681765556335, 0.46391022205352783)",0.2422984540462494,0.49170947074890137,0.25592681765556335,0.46391022205352783
165,"(0.24310801923274994, 0.5080061554908752)","(0.2563221752643585, 0.4645058810710907)",0.24310801923274994,0.5080061554908752,0.2563221752643585,0.4645058810710907
166,"(0.24349813163280487, 0.5081649422645569)","(0.25492510199546814, 0.46540018916130066)",0.24349813163280487,0.5081649422645569,0.25492510199546814,0.46540018916130066
167,"(0.24298015236854553, 0.504030704498291)","(0.25553926825523376, 0.467010498046875)",0.24298015236854553,0.504030704498291,0.25553926825523376,0.467010498046875
168,"(0.24324451386928558, 0.49278199672698975)","(0.2557782828807831, 0.46407219767570496)",0.24324451386928558,0.49278199672698975,0.2557782828807831,0.46407219767570496
169,"(0.24250751733779907, 0.4921548366546631)","(0.256466805934906, 0.4656347334384918)",0.24250751733779907,0.4921548366546631,0.256466805934906,0.4656347334384918
170,"(0.24276591837406158, 0.49312931299209595)","(0.25613078474998474, 0.46572819352149963)",0.24276591837406158,0.49312931299209595,0.25613078474998474,0.46572819352149963
171,"(0.24198348820209503, 0.5014081001281738)","(0.25701260566711426, 0.46679922938346863)",0.24198348820209503,0.5014081001281738,0.25701260566711426,0.46679922938346863
172,"(0.2431182712316513, 0.49909719824790955)","(0.2558058500289917, 0.46828752756118774)",0.2431182712316513,0.49909719824790955,0.2558058500289917,0.46828752756118774
173,"(0.24238614737987518, 0.49150964617729187)","(0.25627923011779785, 0.4664277732372284)",0.24238614737987518,0.49150964617729187,0.25627923011779785,0.4664277732372284
174,"(0.24133017659187317, 0.490763783454895)","(0.25540533661842346, 0.46817630529403687)",0.24133017659187317,0.490763783454895,0.25540533661842346,0.46817630529403687
175,"(0.2416195273399353, 0.4921708405017853)","(0.25567927956581116, 0.4679476022720337)",0.2416195273399353,0.4921708405017853,0.25567927956581116,0.4679476022720337
176,"(0.24090470373630524, 0.503436267375946)","(0.2539297044277191, 0.46898749470710754)",0.24090470373630524,0.503436267375946,0.2539297044277191,0.46898749470710754
177,"(0.23883220553398132, 0.4979175627231598)","(0.2490837723016739, 0.4689878225326538)",0.23883220553398132,0.4979175627231598,0.2490837723016739,0.4689878225326538
178,"(0.23358023166656494, 0.49908462166786194)","(0.24692368507385254, 0.46831607818603516)",0.23358023166656494,0.49908462166786194,0.24692368507385254,0.46831607818603516
179,"(0.231355682015419, 0.4912600517272949)","(0.24580448865890503, 0.4677089750766754)",0.231355682015419,0.4912600517272949,0.24580448865890503,0.4677089750766754
180,"(0.2315313220024109, 0.49215167760849)","(0.24812760949134827, 0.4690327048301697)",0.2315313220024109,0.49215167760849,0.24812760949134827,0.4690327048301697
181,"(0.23108254373073578, 0.49291539192199707)","(0.2463403046131134, 0.4681002199649811)",0.23108254373073578,0.49291539192199707,0.2463403046131134,0.4681002199649811
182,"(0.2313915193080902, 0.504113495349884)","(0.24599801003932953, 0.4711986184120178)",0.2313915193080902,0.504113495349884,0.24599801003932953,0.4711986184120178
183,"(0.22991743683815002, 0.5013790726661682)","(0.2458452433347702, 0.4732108414173126)",0.22991743683815002,0.5013790726661682,0.2458452433347702,0.4732108414173126
184,"(0.23019304871559143, 0.5008354783058167)","(0.24663475155830383, 0.47393798828125)",0.23019304871559143,0.5008354783058167,0.24663475155830383,0.47393798828125
185,"(0.23136994242668152, 0.4884077310562134)","(0.2475430965423584, 0.4709349572658539)",0.23136994242668152,0.4884077310562134,0.2475430965423584,0.4709349572658539
186,"(0.23337626457214355, 0.49199405312538147)","(0.24736014008522034, 0.46691349148750305)",0.23337626457214355,0.49199405312538147,0.24736014008522034,0.46691349148750305
187,"(0.23365159332752228, 0.4915025234222412)","(0.24699746072292328, 0.4652808904647827)",0.23365159332752228,0.4915025234222412,0.24699746072292328,0.4652808904647827
188,"(0.22851940989494324, 0.4937106668949127)","(0.2413136065006256, 0.46609124541282654)",0.22851940989494324,0.4937106668949127,0.2413136065006256,0.46609124541282654
189,"(0.2141437530517578, 0.4959743320941925)","(0.2266048640012741, 0.47438856959342957)",0.2141437530517578,0.4959743320941925,0.2266048640012741,0.47438856959342957
190,"(0.18306100368499756, 0.5003987550735474)","(0.20317456126213074, 0.4885501563549042)",0.18306100368499756,0.5003987550735474,0.20317456126213074,0.4885501563549042
191,"(0.17530369758605957, 0.5075197219848633)","(0.19205504655838013, 0.4952961802482605)",0.17530369758605957,0.5075197219848633,0.19205504655838013,0.4952961802482605
192,"(0.17374399304389954, 0.5096147656440735)","(0.1906614750623703, 0.49623334407806396)",0.17374399304389954,0.5096147656440735,0.1906614750623703,0.49623334407806396
193,"(0.17736829817295074, 0.5111531615257263)","(0.1905962973833084, 0.4979061782360077)",0.17736829817295074,0.5111531615257263,0.1905962973833084,0.4979061782360077
194,"(0.17529883980751038, 0.5093232989311218)","(0.19262897968292236, 0.5015835165977478)",0.17529883980751038,0.5093232989311218,0.19262897968292236,0.5015835165977478
195,"(0.17522628605365753, 0.5142072439193726)","(0.1921505481004715, 0.49671536684036255)",0.17522628605365753,0.5142072439193726,0.1921505481004715,0.49671536684036255
196,"(0.17438270151615143, 0.5129188895225525)","(0.19054369628429413, 0.4964451789855957)",0.17438270151615143,0.5129188895225525,0.19054369628429413,0.4964451789855957
197,"(0.1744208186864853, 0.5101611614227295)","(0.18750418722629547, 0.49315890669822693)",0.1744208186864853,0.5101611614227295,0.18750418722629547,0.49315890669822693
198,"(0.17549589276313782, 0.5012400150299072)","(0.18812735378742218, 0.4934585392475128)",0.17549589276313782,0.5012400150299072,0.18812735378742218,0.4934585392475128
199,"(0.17133381962776184, 0.5013279914855957)","(0.18659859895706177, 0.49309325218200684)",0.17133381962776184,0.5013279914855957,0.18659859895706177,0.49309325218200684
200,"(0.1692863255739212, 0.5097599029541016)","(0.18722152709960938, 0.49255770444869995)",0.1692863255739212,0.5097599029541016,0.18722152709960938,0.49255770444869995
201,"(0.17018936574459076, 0.5124377012252808)","(0.18688306212425232, 0.4999687075614929)",0.17018936574459076,0.5124377012252808,0.18688306212425232,0.4999687075614929
202,"(0.17533911764621735, 0.5150826573371887)","(0.18898740410804749, 0.4999096989631653)",0.17533911764621735,0.5150826573371887,0.18898740410804749,0.4999096989631653
203,"(0.17805075645446777, 0.5157437324523926)","(0.18915288150310516, 0.5020464062690735)",0.17805075645446777,0.5157437324523926,0.18915288150310516,0.5020464062690735
204,"(0.17550285160541534, 0.5184293389320374)","(0.18949346244335175, 0.49556973576545715)",0.17550285160541534,0.5184293389320374,0.18949346244335175,0.49556973576545715
205,"(0.17331038415431976, 0.5193626284599304)","(0.1878015100955963, 0.49373266100883484)",0.17331038415431976,0.5193626284599304,0.1878015100955963,0.49373266100883484
206,"(0.1725863665342331, 0.523367702960968)","(0.18782493472099304, 0.4904082417488098)",0.1725863665342331,0.523367702960968,0.18782493472099304,0.4904082417488098
207,"(0.1744978129863739, 0.5193124413490295)","(0.18724770843982697, 0.48757845163345337)",0.1744978129863739,0.5193124413490295,0.18724770843982697,0.48757845163345337
208,"(0.173397496342659, 0.5193263292312622)","(0.1888340562582016, 0.49283382296562195)",0.173397496342659,0.5193263292312622,0.1888340562582016,0.49283382296562195
209,"(0.17259815335273743, 0.5131533741950989)","(0.18922866880893707, 0.49416583776474)",0.17259815335273743,0.5131533741950989,0.18922866880893707,0.49416583776474
210,"(0.17214766144752502, 0.517785906791687)","(0.18959563970565796, 0.49886462092399597)",0.17214766144752502,0.517785906791687,0.18959563970565796,0.49886462092399597
211,"(0.17169564962387085, 0.5157367587089539)","(0.18996278941631317, 0.49834007024765015)",0.17169564962387085,0.5157367587089539,0.18996278941631317,0.49834007024765015
212,"(0.17109684646129608, 0.5156875252723694)","(0.18903186917304993, 0.4967533051967621)",0.17109684646129608,0.5156875252723694,0.18903186917304993,0.4967533051967621
213,"(0.17045432329177856, 0.5123773813247681)","(0.18923580646514893, 0.4956061542034149)",0.17045432329177856,0.5123773813247681,0.18923580646514893,0.4956061542034149
214,"(0.16925057768821716, 0.5121397972106934)","(0.1869131475687027, 0.48773273825645447)",0.16925057768821716,0.5121397972106934,0.1869131475687027,0.48773273825645447
215,"(0.16959914565086365, 0.5071492195129395)","(0.18647339940071106, 0.4861713945865631)",0.16959914565086365,0.5071492195129395,0.18647339940071106,0.4861713945865631
216,"(0.1690915822982788, 0.5070360898971558)","(0.1852261871099472, 0.4893871545791626)",0.1690915822982788,0.5070360898971558,0.1852261871099472,0.4893871545791626
217,"(0.16958853602409363, 0.5073532462120056)","(0.1858656257390976, 0.49228423833847046)",0.16958853602409363,0.5073532462120056,0.1858656257390976,0.49228423833847046
218,"(0.16938096284866333, 0.5070720911026001)","(0.1872890591621399, 0.4926919639110565)",0.16938096284866333,0.5070720911026001,0.1872890591621399,0.4926919639110565
219,"(0.16913950443267822, 0.5046213269233704)","(0.18698452413082123, 0.49013692140579224)",0.16913950443267822,0.5046213269233704,0.18698452413082123,0.49013692140579224
220,"(0.1697046309709549, 0.50557541847229)","(0.18590959906578064, 0.4887911379337311)",0.1697046309709549,0.50557541847229,0.18590959906578064,0.4887911379337311
221,"(0.16859836876392365, 0.5044369697570801)","(0.18602387607097626, 0.48919418454170227)",0.16859836876392365,0.5044369697570801,0.18602387607097626,0.48919418454170227
222,"(0.16755959391593933, 0.5127323865890503)","(0.18754322826862335, 0.48747411370277405)",0.16755959391593933,0.5127323865890503,0.18754322826862335,0.48747411370277405
223,"(0.16862984001636505, 0.5128285884857178)","(0.18885618448257446, 0.48836126923561096)",0.16862984001636505,0.5128285884857178,0.18885618448257446,0.48836126923561096
224,"(0.1704864650964737, 0.5220419764518738)","(0.1874198615550995, 0.4908570349216461)",0.1704864650964737,0.5220419764518738,0.1874198615550995,0.4908570349216461
225,"(0.17240777611732483, 0.519384503364563)","(0.18724972009658813, 0.4942809045314789)",0.17240777611732483,0.519384503364563,0.18724972009658813,0.4942809045314789
226,"(0.1686616986989975, 0.5182402729988098)","(0.18827937543392181, 0.49410280585289)",0.1686616986989975,0.5182402729988098,0.18827937543392181,0.49410280585289
227,"(0.16843125224113464, 0.5169438123703003)","(0.18975959718227386, 0.48994943499565125)",0.16843125224113464,0.5169438123703003,0.18975959718227386,0.48994943499565125
228,"(0.16845914721488953, 0.5118253827095032)","(0.18901121616363525, 0.48852258920669556)",0.16845914721488953,0.5118253827095032,0.18901121616363525,0.48852258920669556
229,"(0.17111536860466003, 0.5123423933982849)","(0.18741071224212646, 0.4876364469528198)",0.17111536860466003,0.5123423933982849,0.18741071224212646,0.4876364469528198
230,"(0.16958270967006683, 0.5133185386657715)","(0.1864766776561737, 0.4892614185810089)",0.16958270967006683,0.5133185386657715,0.1864766776561737,0.4892614185810089
231,"(0.16834285855293274, 0.5164517164230347)","(0.18572595715522766, 0.48873478174209595)",0.16834285855293274,0.5164517164230347,0.18572595715522766,0.48873478174209595
232,"(0.17217358946800232, 0.500007152557373)","(0.1941370964050293, 0.4723503291606903)",0.17217358946800232,0.500007152557373,0.1941370964050293,0.4723503291606903
233,"(0.1717178374528885, 0.48576420545578003)","(0.19838815927505493, 0.45180249214172363)",0.1717178374528885,0.48576420545578003,0.19838815927505493,0.45180249214172363
234,"(0.17327731847763062, 0.45865052938461304)","(0.20449788868427277, 0.4162873923778534)",0.17327731847763062,0.45865052938461304,0.20449788868427277,0.4162873923778534
235,"(0.17528606951236725, 0.4092137813568115)","(0.2036876678466797, 0.35918503999710083)",0.17528606951236725,0.4092137813568115,0.2036876678466797,0.35918503999710083
236,"(0.1795540452003479, 0.39565229415893555)","(0.2061966359615326, 0.3417523503303528)",0.1795540452003479,0.39565229415893555,0.2061966359615326,0.3417523503303528
237,"(0.18105687201023102, 0.3913250267505646)","(0.20508424937725067, 0.3340297043323517)",0.18105687201023102,0.3913250267505646,0.20508424937725067,0.3340297043323517
238,"(0.1815851628780365, 0.38859328627586365)","(0.2064065933227539, 0.33450278639793396)",0.1815851628780365,0.38859328627586365,0.2064065933227539,0.33450278639793396
239,"(0.17954973876476288, 0.38642340898513794)","(0.20510023832321167, 0.335767537355423)",0.17954973876476288,0.38642340898513794,0.20510023832321167,0.335767537355423
240,"(0.18109820783138275, 0.3818179965019226)","(0.20698773860931396, 0.33499664068222046)",0.18109820783138275,0.3818179965019226,0.20698773860931396,0.33499664068222046
241,"(0.17964790761470795, 0.3841789662837982)","(0.20446380972862244, 0.33626338839530945)",0.17964790761470795,0.3841789662837982,0.20446380972862244,0.33626338839530945
242,"(0.1802896410226822, 0.3792179822921753)","(0.20424389839172363, 0.3326430320739746)",0.1802896410226822,0.3792179822921753,0.20424389839172363,0.3326430320739746
243,"(0.179617777466774, 0.39665544033050537)","(0.20435790717601776, 0.3440971076488495)",0.179617777466774,0.39665544033050537,0.20435790717601776,0.3440971076488495
244,"(0.17820940911769867, 0.40770795941352844)","(0.21668095886707306, 0.3726867139339447)",0.17820940911769867,0.40770795941352844,0.21668095886707306,0.3726867139339447
245,"(0.18392698466777802, 0.4396430552005768)","(0.2221926897764206, 0.38869327306747437)",0.18392698466777802,0.4396430552005768,0.2221926897764206,0.38869327306747437
246,"(nan, nan)","(0.2330130636692047, 0.4023967683315277)",,,0.2330130636692047,0.4023967683315277
247,"(nan, nan)","(nan, nan)",,,,
248,"(nan, nan)","(nan, nan)",,,,
249,"(nan, nan)","(nan, nan)",,,,
250,"(nan, nan)","(nan, nan)",,,,
251,"(nan, nan)","(nan, nan)",,,,
252,"(nan, nan)","(nan, nan)",,,,
253,"(nan, nan)","(nan, nan)",,,,
254,"(nan, nan)","(nan, nan)",,,,
255,"(0.7606883645057678, 0.47132477164268494)","(0.7848511338233948, 0.403414249420166)",0.7606883645057678,0.47132477164268494,0.7848511338233948,0.403414249420166
256,"(0.747902512550354, 0.38646677136421204)","(0.6813645958900452, 0.46350881457328796)",0.747902512550354,0.38646677136421204,0.6813645958900452,0.46350881457328796
257,"(0.7463168501853943, 0.36245405673980713)","(0.6813645958900452, 0.46350881457328796)",0.7463168501853943,0.36245405673980713,0.6813645958900452,0.46350881457328796
258,"(0.7387195229530334, 0.3184693455696106)","(0.681264340877533, 0.44524163007736206)",0.7387195229530334,0.3184693455696106,0.681264340877533,0.44524163007736206
259,"(0.7375192046165466, 0.3041841685771942)","(0.7535139918327332, 0.3531368672847748)",0.7375192046165466,0.3041841685771942,0.7535139918327332,0.3531368672847748
260,"(0.740027666091919, 0.29547199606895447)","(0.7535139918327332, 0.3531368672847748)",0.740027666091919,0.29547199606895447,0.7535139918327332,0.3531368672847748
261,"(0.7423512935638428, 0.2720400094985962)","(0.7443946599960327, 0.31764671206474304)",0.7423512935638428,0.2720400094985962,0.7443946599960327,0.31764671206474304
262,"(0.7335166335105896, 0.29396966099739075)","(0.7503424286842346, 0.2751874625682831)",0.7335166335105896,0.29396966099739075,0.7503424286842346,0.2751874625682831
263,"(0.7322449684143066, 0.2973467707633972)","(0.7519112825393677, 0.26466628909111023)",0.7322449684143066,0.2973467707633972,0.7519112825393677,0.26466628909111023
264,"(0.7333622574806213, 0.30481138825416565)","(0.7523448467254639, 0.26386168599128723)",0.7333622574806213,0.30481138825416565,0.7523448467254639,0.26386168599128723
265,"(0.7376033067703247, 0.30106452107429504)","(0.7511114478111267, 0.2574664354324341)",0.7376033067703247,0.30106452107429504,0.7511114478111267,0.2574664354324341
266,"(0.7371075749397278, 0.3064061403274536)","(0.7502552270889282, 0.26320934295654297)",0.7371075749397278,0.3064061403274536,0.7502552270889282,0.26320934295654297
267,"(0.7356361150741577, 0.3079064190387726)","(0.750322163105011, 0.26343414187431335)",0.7356361150741577,0.3079064190387726,0.750322163105011,0.26343414187431335
268,"(0.7360764145851135, 0.3093302249908447)","(0.7490943074226379, 0.2615002989768982)",0.7360764145851135,0.3093302249908447,0.7490943074226379,0.2615002989768982
269,"(0.7364123463630676, 0.3086518347263336)","(0.7480360269546509, 0.26285701990127563)",0.7364123463630676,0.3086518347263336,0.7480360269546509,0.26285701990127563
270,"(0.738158106803894, 0.3049778640270233)","(0.7450711727142334, 0.25832992792129517)",0.738158106803894,0.3049778640270233,0.7450711727142334,0.25832992792129517
271,"(0.7147881984710693, 0.29747435450553894)","(0.7245718240737915, 0.2592671811580658)",0.7147881984710693,0.29747435450553894,0.7245718240737915,0.2592671811580658
272,"(0.7020482420921326, 0.2994943857192993)","(0.7104955911636353, 0.26449140906333923)",0.7020482420921326,0.2994943857192993,0.7104955911636353,0.26449140906333923
273,"(0.6860749125480652, 0.306192010641098)","(0.6999045610427856, 0.2682248055934906)",0.6860749125480652,0.306192010641098,0.6999045610427856,0.2682248055934906
274,"(0.6802434921264648, 0.30995744466781616)","(0.6941493153572083, 0.2729906439781189)",0.6802434921264648,0.30995744466781616,0.6941493153572083,0.2729906439781189
275,"(0.6800352931022644, 0.31354740262031555)","(0.6933882832527161, 0.27307698130607605)",0.6800352931022644,0.31354740262031555,0.6933882832527161,0.27307698130607605
276,"(0.6799232959747314, 0.31103235483169556)","(0.6909046173095703, 0.26858824491500854)",0.6799232959747314,0.31103235483169556,0.6909046173095703,0.26858824491500854
277,"(0.6832489967346191, 0.3118223249912262)","(0.6898701786994934, 0.26618480682373047)",0.6832489967346191,0.3118223249912262,0.6898701786994934,0.26618480682373047
278,"(0.6835063695907593, 0.30053967237472534)","(0.6905503273010254, 0.2640131711959839)",0.6835063695907593,0.30053967237472534,0.6905503273010254,0.2640131711959839
279,"(0.6831032633781433, 0.3063167929649353)","(0.6914028525352478, 0.26639261841773987)",0.6831032633781433,0.3063167929649353,0.6914028525352478,0.26639261841773987
280,"(0.6804600358009338, 0.3027311861515045)","(0.6910187005996704, 0.26758015155792236)",0.6804600358009338,0.3027311861515045,0.6910187005996704,0.26758015155792236
281,"(0.681979775428772, 0.3073461353778839)","(0.6905431747436523, 0.2684388756752014)",0.681979775428772,0.3073461353778839,0.6905431747436523,0.2684388756752014
282,"(0.6821109056472778, 0.30387479066848755)","(0.6910483837127686, 0.2711223363876343)",0.6821109056472778,0.30387479066848755,0.6910483837127686,0.2711223363876343
283,"(0.6826993227005005, 0.3014718294143677)","(0.6917832493782043, 0.27223309874534607)",0.6826993227005005,0.3014718294143677,0.6917832493782043,0.27223309874534607
284,"(0.6821960806846619, 0.3033742606639862)","(0.6921156644821167, 0.2712734341621399)",0.6821960806846619,0.3033742606639862,0.6921156644821167,0.2712734341621399
285,"(0.683685839176178, 0.30105718970298767)","(0.6908937096595764, 0.26967301964759827)",0.683685839176178,0.30105718970298767,0.6908937096595764,0.26967301964759827
286,"(0.6832501888275146, 0.3037030100822449)","(0.6897574663162231, 0.2699223756790161)",0.6832501888275146,0.3037030100822449,0.6897574663162231,0.2699223756790161
287,"(0.6818974614143372, 0.3080137073993683)","(0.6892992854118347, 0.2701032757759094)",0.6818974614143372,0.3080137073993683,0.6892992854118347,0.2701032757759094
288,"(0.682239294052124, 0.31198033690452576)","(0.6897865533828735, 0.2707828879356384)",0.682239294052124,0.31198033690452576,0.6897865533828735,0.2707828879356384
289,"(0.6832346320152283, 0.31119805574417114)","(0.6885116696357727, 0.27267810702323914)",0.6832346320152283,0.31119805574417114,0.6885116696357727,0.27267810702323914
290,"(0.6826225519180298, 0.3091076910495758)","(0.6890863180160522, 0.2743197977542877)",0.6826225519180298,0.3091076910495758,0.6890863180160522,0.2743197977542877
291,"(0.681623101234436, 0.30945390462875366)","(0.6893949508666992, 0.27269110083580017)",0.681623101234436,0.30945390462875366,0.6893949508666992,0.27269110083580017
292,"(0.6822081208229065, 0.3086162507534027)","(0.6906577348709106, 0.2729284167289734)",0.6822081208229065,0.3086162507534027,0.6906577348709106,0.2729284167289734
293,"(0.6837161779403687, 0.30707764625549316)","(0.6904497742652893, 0.2739008367061615)",0.6837161779403687,0.30707764625549316,0.6904497742652893,0.2739008367061615
294,"(0.6837581396102905, 0.30709409713745117)","(0.69044029712677, 0.27488186955451965)",0.6837581396102905,0.30709409713745117,0.69044029712677,0.27488186955451965
295,"(0.6846784949302673, 0.30786609649658203)","(0.6905319690704346, 0.27594131231307983)",0.6846784949302673,0.30786609649658203,0.6905319690704346,0.27594131231307983
296,"(0.684316098690033, 0.30548062920570374)","(0.6905167102813721, 0.27588021755218506)",0.684316098690033,0.30548062920570374,0.6905167102813721,0.27588021755218506
297,"(0.685648500919342, 0.3148026466369629)","(0.6929762959480286, 0.2841317355632782)",0.685648500919342,0.3148026466369629,0.6929762959480286,0.2841317355632782
298,"(0.6907408237457275, 0.3306690454483032)","(0.6957870721817017, 0.29296377301216125)",0.6907408237457275,0.3306690454483032,0.6957870721817017,0.29296377301216125
299,"(0.6976141929626465, 0.40858936309814453)","(0.7021948099136353, 0.3816947042942047)",0.6976141929626465,0.40858936309814453,0.7021948099136353,0.3816947042942047
300,"(0.7009916305541992, 0.4769292175769806)","(0.7091472148895264, 0.44648826122283936)",0.7009916305541992,0.4769292175769806,0.7091472148895264,0.44648826122283936
301,"(0.7029213905334473, 0.47906047105789185)","(0.7114577889442444, 0.4420674443244934)",0.7029213905334473,0.47906047105789185,0.7114577889442444,0.4420674443244934
302,"(0.7039210200309753, 0.48374050855636597)","(0.7138035893440247, 0.44565266370773315)",0.7039210200309753,0.48374050855636597,0.7138035893440247,0.44565266370773315
303,"(0.7044556736946106, 0.4891095757484436)","(0.7137130498886108, 0.45253291726112366)",0.7044556736946106,0.4891095757484436,0.7137130498886108,0.45253291726112366
304,"(0.701708972454071, 0.4935683608055115)","(0.7129789590835571, 0.45536166429519653)",0.701708972454071,0.4935683608055115,0.7129789590835571,0.45536166429519653
305,"(0.7018813490867615, 0.4929932951927185)","(0.7127600312232971, 0.4510940909385681)",0.7018813490867615,0.4929932951927185,0.7127600312232971,0.4510940909385681
306,"(0.7007740139961243, 0.49437716603279114)","(0.7124782204627991, 0.4505119025707245)",0.7007740139961243,0.49437716603279114,0.7124782204627991,0.4505119025707245
307,"(0.7012339234352112, 0.49425071477890015)","(0.7127290964126587, 0.451803982257843)",0.7012339234352112,0.49425071477890015,0.7127290964126587,0.451803982257843
308,"(0.7004914879798889, 0.4948976933956146)","(0.7128075957298279, 0.4570225179195404)",0.7004914879798889,0.4948976933956146,0.7128075957298279,0.4570225179195404
309,"(0.7009509801864624, 0.4971822202205658)","(0.7152016162872314, 0.4565082788467407)",0.7009509801864624,0.4971822202205658,0.7152016162872314,0.4565082788467407
310,"(0.7021097540855408, 0.49553754925727844)","(0.713923990726471, 0.45613893866539)",0.7021097540855408,0.49553754925727844,0.713923990726471,0.45613893866539
311,"(0.7020590901374817, 0.49914464354515076)","(0.7125446796417236, 0.45594894886016846)",0.7020590901374817,0.49914464354515076,0.7125446796417236,0.45594894886016846
312,"(0.7022575736045837, 0.49851593375205994)","(0.7108160853385925, 0.45332708954811096)",0.7022575736045837,0.49851593375205994,0.7108160853385925,0.45332708954811096
313,"(0.7032191157341003, 0.49534720182418823)","(0.7104209065437317, 0.45418450236320496)",0.7032191157341003,0.49534720182418823,0.7104209065437317,0.45418450236320496
314,"(0.7039524912834167, 0.4935804605484009)","(0.7110135555267334, 0.45449894666671753)",0.7039524912834167,0.4935804605484009,0.7110135555267334,0.45449894666671753
315,"(0.7036474347114563, 0.49453139305114746)","(0.7099581360816956, 0.45417559146881104)",0.7036474347114563,0.49453139305114746,0.7099581360816956,0.45417559146881104
316,"(0.7045003175735474, 0.49625176191329956)","(0.7108220458030701, 0.4554137885570526)",0.7045003175735474,0.49625176191329956,0.7108220458030701,0.4554137885570526
317,"(0.7037040591239929, 0.4937193691730499)","(0.710483193397522, 0.450842022895813)",0.7037040591239929,0.4937193691730499,0.710483193397522,0.450842022895813
318,"(0.7051238417625427, 0.4882102310657501)","(0.710798442363739, 0.4487159848213196)",0.7051238417625427,0.4882102310657501,0.710798442363739,0.4487159848213196
319,"(0.7024685144424438, 0.48515158891677856)","(0.7107158303260803, 0.44399961829185486)",0.7024685144424438,0.48515158891677856,0.7107158303260803,0.44399961829185486
320,"(0.7006514668464661, 0.4817866086959839)","(0.7098671197891235, 0.44651392102241516)",0.7006514668464661,0.4817866086959839,0.7098671197891235,0.44651392102241516
321,"(0.7014050483703613, 0.48133620619773865)","(0.7088146805763245, 0.4469680190086365)",0.7014050483703613,0.48133620619773865,0.7088146805763245,0.4469680190086365
322,"(0.6992389559745789, 0.47989651560783386)","(0.7106701135635376, 0.44822898507118225)",0.6992389559745789,0.47989651560783386,0.7106701135635376,0.44822898507118225
323,"(0.7003295421600342, 0.48111692070961)","(0.712500274181366, 0.4438475966453552)",0.7003295421600342,0.48111692070961,0.712500274181366,0.4438475966453552
324,"(0.6988141536712646, 0.48159822821617126)","(0.7123107314109802, 0.44565629959106445)",0.6988141536712646,0.48159822821617126,0.7123107314109802,0.44565629959106445
325,"(0.701396107673645, 0.48143237829208374)","(0.7103275656700134, 0.4462816119194031)",0.701396107673645,0.48143237829208374,0.7103275656700134,0.4462816119194031
326,"(0.7004261016845703, 0.4818126857280731)","(0.7091841101646423, 0.44785869121551514)",0.7004261016845703,0.4818126857280731,0.7091841101646423,0.44785869121551514
327,"(0.6982130408287048, 0.48203927278518677)","(0.7093091011047363, 0.448569655418396)",0.6982130408287048,0.48203927278518677,0.7093091011047363,0.448569655418396
328,"(0.7021822929382324, 0.481480211019516)","(0.7125924229621887, 0.4490700364112854)",0.7021822929382324,0.481480211019516,0.7125924229621887,0.4490700364112854
329,"(0.714546799659729, 0.4611361026763916)","(0.7308781743049622, 0.4296639859676361)",0.714546799659729,0.4611361026763916,0.7308781743049622,0.4296639859676361
330,"(0.7420527935028076, 0.42575564980506897)","(0.7386929988861084, 0.42287710309028625)",0.7420527935028076,0.42575564980506897,0.7386929988861084,0.42287710309028625
331,"(0.7708274722099304, 0.3833175599575043)","(0.8015754222869873, 0.3437402546405792)",0.7708274722099304,0.3833175599575043,0.8015754222869873,0.3437402546405792
332,"(0.7954862117767334, 0.3437587022781372)","(0.8125342726707458, 0.325326144695282)",0.7954862117767334,0.3437587022781372,0.8125342726707458,0.325326144695282
333,"(0.808097779750824, 0.332884818315506)","(0.8127453327178955, 0.32797619700431824)",0.808097779750824,0.332884818315506,0.8127453327178955,0.32797619700431824
334,"(0.8020946979522705, 0.34804195165634155)","(0.8123757243156433, 0.32608893513679504)",0.8020946979522705,0.34804195165634155,0.8123757243156433,0.32608893513679504
335,"(0.801457941532135, 0.36958783864974976)","(0.8125213384628296, 0.32652556896209717)",0.801457941532135,0.36958783864974976,0.8125213384628296,0.32652556896209717
336,"(0.8016630411148071, 0.3728654086589813)","(0.8117186427116394, 0.32761403918266296)",0.8016630411148071,0.3728654086589813,0.8117186427116394,0.32761403918266296
337,"(0.7987022399902344, 0.3718087673187256)","(0.8116663098335266, 0.3269115388393402)",0.7987022399902344,0.3718087673187256,0.8116663098335266,0.3269115388393402
338,"(0.7993562817573547, 0.3692336082458496)","(0.8112669587135315, 0.32902005314826965)",0.7993562817573547,0.3692336082458496,0.8112669587135315,0.32902005314826965
339,"(0.7974601984024048, 0.37071940302848816)","(0.8131027221679688, 0.32785263657569885)",0.7974601984024048,0.37071940302848816,0.8131027221679688,0.32785263657569885
340,"(0.8016685247421265, 0.3726714253425598)","(0.8118236064910889, 0.32909926772117615)",0.8016685247421265,0.3726714253425598,0.8118236064910889,0.32909926772117615
341,"(0.8014104962348938, 0.37332165241241455)","(0.811455488204956, 0.3289678394794464)",0.8014104962348938,0.37332165241241455,0.811455488204956,0.3289678394794464
342,"(0.8037893772125244, 0.37101322412490845)","(0.8106670379638672, 0.32883501052856445)",0.8037893772125244,0.37101322412490845,0.8106670379638672,0.32883501052856445
343,"(0.8024371266365051, 0.3701111674308777)","(0.8095848560333252, 0.3275359570980072)",0.8024371266365051,0.3701111674308777,0.8095848560333252,0.3275359570980072
344,"(0.8023931980133057, 0.36643871665000916)","(0.8119859099388123, 0.3263714909553528)",0.8023931980133057,0.36643871665000916,0.8119859099388123,0.3263714909553528
345,"(0.8008071184158325, 0.3643563985824585)","(0.8121175169944763, 0.3260156810283661)",0.8008071184158325,0.3643563985824585,0.8121175169944763,0.3260156810283661
346,"(0.7999883890151978, 0.3613993525505066)","(0.8128552436828613, 0.32525190711021423)",0.7999883890151978,0.3613993525505066,0.8128552436828613,0.32525190711021423
347,"(0.8004707098007202, 0.36141836643218994)","(0.8092139959335327, 0.3257007598876953)",0.8004707098007202,0.36141836643218994,0.8092139959335327,0.3257007598876953
348,"(0.7995027303695679, 0.36499884724617004)","(0.8082224726676941, 0.32554247975349426)",0.7995027303695679,0.36499884724617004,0.8082224726676941,0.32554247975349426
349,"(0.802955150604248, 0.36471378803253174)","(0.8100777268409729, 0.32517388463020325)",0.802955150604248,0.36471378803253174,0.8100777268409729,0.32517388463020325
350,"(0.8028964996337891, 0.36569729447364807)","(0.8116572499275208, 0.3231221139431)",0.8028964996337891,0.36569729447364807,0.8116572499275208,0.3231221139431
351,"(0.8048555254936218, 0.36324504017829895)","(0.8123468160629272, 0.3233266770839691)",0.8048555254936218,0.36324504017829895,0.8123468160629272,0.3233266770839691
352,"(0.8017315864562988, 0.36291760206222534)","(0.809393584728241, 0.3237539231777191)",0.8017315864562988,0.36291760206222534,0.809393584728241,0.3237539231777191
353,"(0.8003473281860352, 0.36416006088256836)","(0.8096315264701843, 0.32287150621414185)",0.8003473281860352,0.36416006088256836,0.8096315264701843,0.32287150621414185
354,"(0.7988532781600952, 0.36440977454185486)","(0.808448076248169, 0.32154566049575806)",0.7988532781600952,0.36440977454185486,0.808448076248169,0.32154566049575806
355,"(0.798955500125885, 0.3460945785045624)","(0.8103885054588318, 0.2984573543071747)",0.798955500125885,0.3460945785045624,0.8103885054588318,0.2984573543071747
356,"(0.7988929748535156, 0.33393314480781555)","(0.8108856081962585, 0.2902114689350128)",0.7988929748535156,0.33393314480781555,0.8108856081962585,0.2902114689350128
357,"(0.8012851476669312, 0.3269278407096863)","(0.8100203275680542, 0.2831127345561981)",0.8012851476669312,0.3269278407096863,0.8100203275680542,0.2831127345561981
358,"(0.8000125288963318, 0.3319532573223114)","(0.8097629547119141, 0.2876858711242676)",0.8000125288963318,0.3319532573223114,0.8097629547119141,0.2876858711242676
359,"(0.801470160484314, 0.33349213004112244)","(0.8094234466552734, 0.2863751947879791)",0.801470160484314,0.33349213004112244,0.8094234466552734,0.2863751947879791
360,"(0.7974622845649719, 0.3326244354248047)","(0.810295820236206, 0.2887454032897949)",0.7974622845649719,0.3326244354248047,0.810295820236206,0.2887454032897949
361,"(0.7991421222686768, 0.3317684531211853)","(0.8100181818008423, 0.2887227535247803)",0.7991421222686768,0.3317684531211853,0.8100181818008423,0.2887227535247803
362,"(0.7976699471473694, 0.33163192868232727)","(0.8089091181755066, 0.2873704731464386)",0.7976699471473694,0.33163192868232727,0.8089091181755066,0.2873704731464386
363,"(0.8013705611228943, 0.32857224345207214)","(0.8089419007301331, 0.28347891569137573)",0.8013705611228943,0.32857224345207214,0.8089419007301331,0.28347891569137573
364,"(0.8003685474395752, 0.32697492837905884)","(0.8079434037208557, 0.2841930091381073)",0.8003685474395752,0.32697492837905884,0.8079434037208557,0.2841930091381073
365,"(0.8003984093666077, 0.32654085755348206)","(0.8077383041381836, 0.2849891185760498)",0.8003984093666077,0.32654085755348206,0.8077383041381836,0.2849891185760498
366,"(0.7999761700630188, 0.3260205090045929)","(0.8080606460571289, 0.2838306128978729)",0.7999761700630188,0.3260205090045929,0.8080606460571289,0.2838306128978729
367,"(0.7992773056030273, 0.3285028636455536)","(0.8089023232460022, 0.2838600277900696)",0.7992773056030273,0.3285028636455536,0.8089023232460022,0.2838600277900696
368,"(0.7984882593154907, 0.3261425197124481)","(0.8098413944244385, 0.2823101580142975)",0.7984882593154907,0.3261425197124481,0.8098413944244385,0.2823101580142975
369,"(0.7980063557624817, 0.32920077443122864)","(0.8101869225502014, 0.2820476293563843)",0.7980063557624817,0.32920077443122864,0.8101869225502014,0.2820476293563843
370,"(0.8001734018325806, 0.32907241582870483)","(0.8103124499320984, 0.28260600566864014)",0.8001734018325806,0.32907241582870483,0.8103124499320984,0.28260600566864014
371,"(0.7996859550476074, 0.331605464220047)","(0.8090740442276001, 0.28282082080841064)",0.7996859550476074,0.331605464220047,0.8090740442276001,0.28282082080841064
372,"(0.7968004941940308, 0.3262091279029846)","(0.8075780868530273, 0.28329214453697205)",0.7968004941940308,0.3262091279029846,0.8075780868530273,0.28329214453697205
373,"(0.7944545149803162, 0.3215934932231903)","(0.8044506907463074, 0.2825535833835602)",0.7944545149803162,0.3215934932231903,0.8044506907463074,0.2825535833835602
374,"(0.795963704586029, 0.3231829106807709)","(0.8062565326690674, 0.28288930654525757)",0.795963704586029,0.3231829106807709,0.8062565326690674,0.28288930654525757
375,"(0.7978687286376953, 0.3223504424095154)","(0.8079783320426941, 0.2821454703807831)",0.7978687286376953,0.3223504424095154,0.8079783320426941,0.2821454703807831
376,"(0.799298882484436, 0.3238963186740875)","(0.810762345790863, 0.281608909368515)",0.799298882484436,0.3238963186740875,0.810762345790863,0.281608909368515
377,"(0.7981626391410828, 0.32293009757995605)","(0.8106421232223511, 0.28159451484680176)",0.7981626391410828,0.32293009757995605,0.8106421232223511,0.28159451484680176
378,"(0.7971497178077698, 0.3209012448787689)","(0.8100181221961975, 0.28271302580833435)",0.7971497178077698,0.3209012448787689,0.8100181221961975,0.28271302580833435
379,"(0.7975696921348572, 0.3259051740169525)","(0.8105708956718445, 0.28326424956321716)",0.7975696921348572,0.3259051740169525,0.8105708956718445,0.28326424956321716
380,"(0.7998490929603577, 0.3243224322795868)","(0.8094301223754883, 0.28220510482788086)",0.7998490929603577,0.3243224322795868,0.8094301223754883,0.28220510482788086
381,"(0.8005385994911194, 0.32421186566352844)","(0.8094698786735535, 0.28048646450042725)",0.8005385994911194,0.32421186566352844,0.8094698786735535,0.28048646450042725
382,"(0.7992773652076721, 0.3255784511566162)","(0.8078534007072449, 0.2823408544063568)",0.7992773652076721,0.3255784511566162,0.8078534007072449,0.2823408544063568
383,"(0.7977023124694824, 0.3233885169029236)","(0.8084028959274292, 0.2831884026527405)",0.7977023124694824,0.3233885169029236,0.8084028959274292,0.2831884026527405
384,"(0.7968432307243347, 0.32187706232070923)","(0.8077093362808228, 0.2838730216026306)",0.7968432307243347,0.32187706232070923,0.8077093362808228,0.2838730216026306
385,"(0.795129120349884, 0.3189508616924286)","(0.8066502809524536, 0.2834399342536926)",0.795129120349884,0.3189508616924286,0.8066502809524536,0.2834399342536926
386,"(0.7973910570144653, 0.3185543417930603)","(0.8066257238388062, 0.2821921706199646)",0.7973910570144653,0.3185543417930603,0.8066257238388062,0.2821921706199646
387,"(0.7983623147010803, 0.3216954171657562)","(0.8084021806716919, 0.28320714831352234)",0.7983623147010803,0.3216954171657562,0.8084021806716919,0.28320714831352234
388,"(0.8010849356651306, 0.3182680308818817)","(0.8095517158508301, 0.28092607855796814)",0.8010849356651306,0.3182680308818817,0.8095517158508301,0.28092607855796814
389,"(0.7992432117462158, 0.321804940700531)","(0.8089057803153992, 0.283053457736969)",0.7992432117462158,0.321804940700531,0.8089057803153992,0.283053457736969
390,"(0.7986100316047668, 0.32360026240348816)","(0.8081166744232178, 0.28170493245124817)",0.7986100316047668,0.32360026240348816,0.8081166744232178,0.28170493245124817
391,"(0.7948349118232727, 0.32392647862434387)","(0.8085172176361084, 0.28354910016059875)",0.7948349118232727,0.32392647862434387,0.8085172176361084,0.28354910016059875
392,"(0.7968454360961914, 0.32246142625808716)","(0.809227705001831, 0.28232118487358093)",0.7968454360961914,0.32246142625808716,0.809227705001831,0.28232118487358093
393,"(0.7975407242774963, 0.3217168152332306)","(0.8105736374855042, 0.28395044803619385)",0.7975407242774963,0.3217168152332306,0.8105736374855042,0.28395044803619385
394,"(0.7985222935676575, 0.31998077034950256)","(0.8109033107757568, 0.2840799391269684)",0.7985222935676575,0.31998077034950256,0.8109033107757568,0.2840799391269684
395,"(0.7980971932411194, 0.321245014667511)","(0.8109334111213684, 0.28374114632606506)",0.7980971932411194,0.321245014667511,0.8109334111213684,0.28374114632606506
396,"(0.7987567186355591, 0.3181731700897217)","(0.8097351789474487, 0.28318658471107483)",0.7987567186355591,0.3181731700897217,0.8097351789474487,0.28318658471107483
397,"(0.8019198179244995, 0.31498241424560547)","(0.8084476590156555, 0.28161105513572693)",0.8019198179244995,0.31498241424560547,0.8084476590156555,0.28161105513572693
398,"(0.8006160259246826, 0.3149590492248535)","(0.8083935379981995, 0.28271904587745667)",0.8006160259246826,0.3149590492248535,0.8083935379981995,0.28271904587745667
399,"(0.7983675599098206, 0.31305742263793945)","(0.8082047700881958, 0.28274181485176086)",0.7983675599098206,0.31305742263793945,0.8082047700881958,0.28274181485176086
400,"(0.7972790598869324, 0.3136627674102783)","(0.8071569800376892, 0.28235992789268494)",0.7972790598869324,0.3136627674102783,0.8071569800376892,0.28235992789268494
401,"(0.7987816333770752, 0.3140956461429596)","(0.8075606226921082, 0.28279560804367065)",0.7987816333770752,0.3140956461429596,0.8075606226921082,0.28279560804367065
402,"(0.8014193773269653, 0.3211698532104492)","(0.808064341545105, 0.2780122458934784)",0.8014193773269653,0.3211698532104492,0.808064341545105,0.2780122458934784
403,"(0.8006983399391174, 0.3260065019130707)","(0.8103542327880859, 0.2756587564945221)",0.8006983399391174,0.3260065019130707,0.8103542327880859,0.2756587564945221
404,"(0.7993659377098083, 0.3216165602207184)","(0.810937225818634, 0.27453339099884033)",0.7993659377098083,0.3216165602207184,0.810937225818634,0.27453339099884033
405,"(0.7984721660614014, 0.32103124260902405)","(0.808962881565094, 0.2786526679992676)",0.7984721660614014,0.32103124260902405,0.808962881565094,0.2786526679992676
406,"(0.7989452481269836, 0.32324346899986267)","(0.8084699511528015, 0.2791902720928192)",0.7989452481269836,0.32324346899986267,0.8084699511528015,0.2791902720928192
407,"(0.7975575923919678, 0.3222615122795105)","(0.8079625964164734, 0.28129518032073975)",0.7975575923919678,0.3222615122795105,0.8079625964164734,0.28129518032073975
408,"(0.7980557680130005, 0.3230135142803192)","(0.8088524341583252, 0.2815990149974823)",0.7980557680130005,0.3230135142803192,0.8088524341583252,0.2815990149974823
409,"(0.7994399666786194, 0.32138729095458984)","(0.8084849715232849, 0.2800832688808441)",0.7994399666786194,0.32138729095458984,0.8084849715232849,0.2800832688808441
410,"(0.8006030321121216, 0.32474762201309204)","(0.8082885146141052, 0.27678367495536804)",0.8006030321121216,0.32474762201309204,0.8082885146141052,0.27678367495536804
411,"(0.8007339835166931, 0.32497408986091614)","(0.80844646692276, 0.2772274911403656)",0.8007339835166931,0.32497408986091614,0.80844646692276,0.2772274911403656
412,"(0.8020814657211304, 0.3207707405090332)","(0.8081533312797546, 0.2779085040092468)",0.8020814657211304,0.3207707405090332,0.8081533312797546,0.2779085040092468
413,"(0.8004062175750732, 0.3220924735069275)","(0.8076635003089905, 0.27946165204048157)",0.8004062175750732,0.3220924735069275,0.8076635003089905,0.27946165204048157
414,"(0.7995063662528992, 0.3200942575931549)","(0.8075343370437622, 0.2820383608341217)",0.7995063662528992,0.3200942575931549,0.8075343370437622,0.2820383608341217
415,"(0.7963666915893555, 0.32023096084594727)","(0.8081289529800415, 0.2834116518497467)",0.7963666915893555,0.32023096084594727,0.8081289529800415,0.2834116518497467
416,"(0.7978599667549133, 0.32037153840065)","(0.8084543943405151, 0.2815007269382477)",0.7978599667549133,0.32037153840065,0.8084543943405151,0.2815007269382477
417,"(0.7969234585762024, 0.31848853826522827)","(0.8094624280929565, 0.2814909815788269)",0.7969234585762024,0.31848853826522827,0.8094624280929565,0.2814909815788269
418,"(0.7981821894645691, 0.3206329941749573)","(0.8104320764541626, 0.28206729888916016)",0.7981821894645691,0.3206329941749573,0.8104320764541626,0.28206729888916016
419,"(0.7986626625061035, 0.31911876797676086)","(0.8095445036888123, 0.2819429636001587)",0.7986626625061035,0.31911876797676086,0.8095445036888123,0.2819429636001587
420,"(0.8005369901657104, 0.32016298174858093)","(0.8085907697677612, 0.2820506989955902)",0.8005369901657104,0.32016298174858093,0.8085907697677612,0.2820506989955902
421,"(0.7979525327682495, 0.32108384370803833)","(0.8062286376953125, 0.2816886901855469)",0.7979525327682495,0.32108384370803833,0.8062286376953125,0.2816886901855469
422,"(0.7967401742935181, 0.3203873336315155)","(0.8057092428207397, 0.2853967845439911)",0.7967401742935181,0.3203873336315155,0.8057092428207397,0.2853967845439911
423,"(0.7955815196037292, 0.3207039535045624)","(0.8073389530181885, 0.28769785165786743)",0.7955815196037292,0.3207039535045624,0.8073389530181885,0.28769785165786743
424,"(0.7982217669487, 0.31909599900245667)","(0.8079736828804016, 0.29018527269363403)",0.7982217669487,0.31909599900245667,0.8079736828804016,0.29018527269363403
425,"(0.7988041043281555, 0.32326653599739075)","(0.8086432814598083, 0.2902567386627197)",0.7988041043281555,0.32326653599739075,0.8086432814598083,0.2902567386627197
426,"(0.7980809211730957, 0.32182392477989197)","(0.8069285750389099, 0.28624626994132996)",0.7980809211730957,0.32182392477989197,0.8069285750389099,0.28624626994132996
427,"(0.7969062924385071, 0.3227830231189728)","(0.8066484928131104, 0.2856319546699524)",0.7969062924385071,0.3227830231189728,0.8066484928131104,0.2856319546699524
428,"(0.7967904210090637, 0.321015328168869)","(0.8063944578170776, 0.2864188253879547)",0.7967904210090637,0.321015328168869,0.8063944578170776,0.2864188253879547
429,"(0.7985268831253052, 0.3243003487586975)","(0.8064590096473694, 0.2869054973125458)",0.7985268831253052,0.3243003487586975,0.8064590096473694,0.2869054973125458
430,"(0.7996465563774109, 0.3205644190311432)","(0.8060356378555298, 0.28719496726989746)",0.7996465563774109,0.3205644190311432,0.8060356378555298,0.28719496726989746
431,"(0.8001146912574768, 0.3211054801940918)","(0.8059174418449402, 0.2875799834728241)",0.8001146912574768,0.3211054801940918,0.8059174418449402,0.2875799834728241
432,"(0.7975544929504395, 0.3171357214450836)","(0.8054620623588562, 0.28418970108032227)",0.7975544929504395,0.3171357214450836,0.8054620623588562,0.28418970108032227
433,"(0.7974750399589539, 0.3211649954319)","(0.8065598011016846, 0.2836509346961975)",0.7974750399589539,0.3211649954319,0.8065598011016846,0.2836509346961975
434,"(0.796224057674408, 0.3208709955215454)","(0.8074625730514526, 0.28549039363861084)",0.796224057674408,0.3208709955215454,0.8074625730514526,0.28549039363861084
435,"(0.7995785474777222, 0.32355159521102905)","(0.8065457344055176, 0.28428974747657776)",0.7995785474777222,0.32355159521102905,0.8065457344055176,0.28428974747657776
436,"(0.7974197864532471, 0.323659211397171)","(0.8038846254348755, 0.2845337390899658)",0.7974197864532471,0.323659211397171,0.8038846254348755,0.2845337390899658
437,"(0.7981261014938354, 0.3239585757255554)","(0.8033544421195984, 0.280990868806839)",0.7981261014938354,0.3239585757255554,0.8033544421195984,0.280990868806839
438,"(0.7968510985374451, 0.32715943455696106)","(0.8028106093406677, 0.2803846597671509)",0.7968510985374451,0.32715943455696106,0.8028106093406677,0.2803846597671509
439,"(0.7985289096832275, 0.33100682497024536)","(0.8043264150619507, 0.2812095284461975)",0.7985289096832275,0.33100682497024536,0.8043264150619507,0.2812095284461975
440,"(0.7983949184417725, 0.33113592863082886)","(0.8029012084007263, 0.283826619386673)",0.7983949184417725,0.33113592863082886,0.8029012084007263,0.283826619386673
441,"(0.7970176935195923, 0.32964086532592773)","(0.8037538528442383, 0.28548792004585266)",0.7970176935195923,0.32964086532592773,0.8037538528442383,0.28548792004585266
442,"(0.7995122075080872, 0.32804596424102783)","(0.8037612438201904, 0.28545546531677246)",0.7995122075080872,0.32804596424102783,0.8037612438201904,0.28545546531677246
443,"(0.7996532917022705, 0.3249143660068512)","(0.8038264513015747, 0.2839086353778839)",0.7996532917022705,0.3249143660068512,0.8038264513015747,0.2839086353778839
444,"(0.8014798164367676, 0.32451146841049194)","(0.8040513396263123, 0.2849705219268799)",0.8014798164367676,0.32451146841049194,0.8040513396263123,0.2849705219268799
445,"(0.7973780035972595, 0.3235122859477997)","(0.802467405796051, 0.2859753370285034)",0.7973780035972595,0.3235122859477997,0.802467405796051,0.2859753370285034
446,"(0.7976437211036682, 0.325839638710022)","(0.8027708530426025, 0.28574126958847046)",0.7976437211036682,0.325839638710022,0.8027708530426025,0.28574126958847046
447,"(0.7966145277023315, 0.3270193338394165)","(0.8022584915161133, 0.28455090522766113)",0.7966145277023315,0.3270193338394165,0.8022584915161133,0.28455090522766113
448,"(0.7982220649719238, 0.3259871006011963)","(0.8023945689201355, 0.28588777780532837)",0.7982220649719238,0.3259871006011963,0.8023945689201355,0.28588777780532837
449,"(0.7975985407829285, 0.32597947120666504)","(0.8022352457046509, 0.2876727879047394)",0.7975985407829285,0.32597947120666504,0.8022352457046509,0.2876727879047394
450,"(0.7971574664115906, 0.326054185628891)","(0.80171799659729, 0.2879280149936676)",0.7971574664115906,0.326054185628891,0.80171799659729,0.2879280149936676
451,"(0.7957209944725037, 0.32724928855895996)","(0.800870954990387, 0.28769755363464355)",0.7957209944725037,0.32724928855895996,0.800870954990387,0.28769755363464355
452,"(0.7951796650886536, 0.32787880301475525)","(0.799744725227356, 0.2890942096710205)",0.7951796650886536,0.32787880301475525,0.799744725227356,0.2890942096710205
453,"(0.7954233288764954, 0.32977160811424255)","(0.8001160025596619, 0.28781262040138245)",0.7954233288764954,0.32977160811424255,0.8001160025596619,0.28781262040138245
454,"(0.7980021238327026, 0.3322902023792267)","(0.8020570874214172, 0.2885453701019287)",0.7980021238327026,0.3322902023792267,0.8020570874214172,0.2885453701019287
455,"(0.7981399297714233, 0.33286598324775696)","(0.8040773272514343, 0.28734251856803894)",0.7981399297714233,0.33286598324775696,0.8040773272514343,0.28734251856803894
456,"(0.7975593209266663, 0.32931002974510193)","(0.8043787479400635, 0.290375292301178)",0.7975593209266663,0.32931002974510193,0.8043787479400635,0.290375292301178
